project_number,Name,Folder
1162,Nashville Warehouse Co,https://netorgft3524085.sharepoint.com/sites/TeamFloorsUnlimitedUSA/Shared Documents/Forms/AllItems.aspx?RootFolder=/sites%2FTeamFloorsUnlimitedUSA%2FShared%20Documents%2FProjects%2F1162%20Nashville%20Warehouse%20Co&View=%7B01FF2AF7%2DD073%2D42D9%2D8F53%2D2B88F6CACC9A%7D
1175,The Reserve at Mountain Pass,https://netorgft3524085.sharepoint.com/sites/TeamFloorsUnlimitedUSA/Shared Documents/Forms/AllItems.aspx?RootFolder=/sites%2FTeamFloorsUnlimitedUSA%2FShared%20Documents%2FProjects%2F1175%20The%20Reserve%20at%20Mountain%20Pass&View=%7B01FF2AF7%2DD073%2D42D9%2D8F53%2D2B88F6CACC9A%7D
1179,Halls Chophouse Kitchen Repairs,https://netorgft3524085.sharepoint.com/sites/TeamFloorsUnlimitedUSA/Shared Documents/Forms/AllItems.aspx?RootFolder=/sites%2FTeamFloorsUnlimitedUSA%2FShared%20Documents%2FProjects%2F1179%20Halls%20Chophouse%20Kitchen%20Repairs&View=%7B01FF2AF7%2DD073%2D42D9%2D8F53%2D2B88F6CACC9A%7D
1195,"Hyatt Caption Nashville, TN",https://netorgft3524085.sharepoint.com/sites/TeamFloorsUnlimitedUSA/Shared Documents/Forms/AllItems.aspx?RootFolder=/sites%2FTeamFloorsUnlimitedUSA%2FShared%20Documents%2FProjects%2F1195%20Hyatt%20Caption%20Nashville%2C%20TN&View=%7B01FF2AF7%2DD073%2D42D9%2D8F53%2D2B88F6CACC9A%7D
1207,Gaylord Palms Restroom Reno,https://netorgft3524085.sharepoint.com/sites/TeamFloorsUnlimitedUSA/Shared Documents/Forms/AllItems.aspx?RootFolder=/sites%2FTeamFloorsUnlimitedUSA%2FShared%20Documents%2FProjects%2F1207%20Gaylord%20Palms%20Restroom%20Reno&View=%7B01FF2AF7%2DD073%2D42D9%2D8F53%2D2B88F6CACC9A%7D
1220,Gaylord Rockies Grand Lodge,https://netorgft3524085.sharepoint.com/sites/TeamFloorsUnlimitedUSA/Shared Documents/Forms/AllItems.aspx?RootFolder=/sites%2FTeamFloorsUnlimitedUSA%2FShared%20Documents%2FProjects%2F1220%20Gaylord%20Rockies%20Grand%20Lodge&View=%7B01FF2AF7%2DD073%2D42D9%2D8F53%2D2B88F6CACC9A%7D
1222,"Dayton Freight N. Ridgeville, OH",https://netorgft3524085.sharepoint.com/sites/TeamFloorsUnlimitedUSA/Shared Documents/Forms/AllItems.aspx?RootFolder=/sites%2FTeamFloorsUnlimitedUSA%2FShared%20Documents%2FProjects%2F1222%20Dayton%20Freight%20N%2E%20Ridgeville%2C%20OH&View=%7B01FF2AF7%2DD073%2D42D9%2D8F53%2D2B88F6CACC9A%7D
1225,Gaylord Palms Existing Room Renovation,https://netorgft3524085.sharepoint.com/sites/TeamFloorsUnlimitedUSA/Shared Documents/Forms/AllItems.aspx?RootFolder=/sites%2FTeamFloorsUnlimitedUSA%2FShared%20Documents%2FProjects%2F1225%20Gaylord%20Palms%20Existing%20Room%20Renovation&View=%7B01FF2AF7%2DD073%2D42D9%2D8F53%2D2B88F6CACC9A%7D
1226,HCA North Suburban Medical Center Vertical Expansion,https://netorgft3524085.sharepoint.com/sites/TeamFloorsUnlimitedUSA/Shared Documents/Forms/AllItems.aspx?RootFolder=/sites%2FTeamFloorsUnlimitedUSA%2FShared%20Documents%2FProjects%2F1226%20HCA%20North%20Suburban%20Medical%20Center%20Vertical%20Expansion&View=%7B01FF2AF7%2DD073%2D42D9%2D8F53%2D2B88F6CACC9A%7D
1231,"Averitt Express Tyler, TX",https://netorgft3524085.sharepoint.com/sites/TeamFloorsUnlimitedUSA/Shared Documents/Forms/AllItems.aspx?RootFolder=/sites%2FTeamFloorsUnlimitedUSA%2FShared%20Documents%2FProjects%2F1231%20Averitt%20Express%20Tyler%2C%20TX&View=%7B01FF2AF7%2DD073%2D42D9%2D8F53%2D2B88F6CACC9A%7D
1233,Panera Bread 100 Oaks,https://netorgft3524085.sharepoint.com/sites/TeamFloorsUnlimitedUSA/Shared Documents/Forms/AllItems.aspx?RootFolder=/sites%2FTeamFloorsUnlimitedUSA%2FShared%20Documents%2FProjects%2F1233%20Panera%20Bread%20100%20Oaks&View=%7B01FF2AF7%2DD073%2D42D9%2D8F53%2D2B88F6CACC9A%7D
1235,"ODFL Bonners Springs, KS Warranty Work",https://netorgft3524085.sharepoint.com/sites/TeamFloorsUnlimitedUSA/Shared Documents/Forms/AllItems.aspx?RootFolder=/sites%2FTeamFloorsUnlimitedUSA%2FShared%20Documents%2FProjects%2F1235%20ODFL%20Bonners%20Springs%2C%20KS%20Warranty%20Work&View=%7B01FF2AF7%2DD073%2D42D9%2D8F53%2D2B88F6CACC9A%7D
1237,Tempo Nashville Mid Town,https://netorgft3524085.sharepoint.com/sites/TeamFloorsUnlimitedUSA/Shared Documents/Forms/AllItems.aspx?RootFolder=/sites%2FTeamFloorsUnlimitedUSA%2FShared%20Documents%2FProjects%2F1237%20Tempo%20Nashville%20Mid%20Town&View=%7B01FF2AF7%2DD073%2D42D9%2D8F53%2D2B88F6CACC9A%7D
1240,Gaylord Rockies Event Pavilion,https://netorgft3524085.sharepoint.com/sites/TeamFloorsUnlimitedUSA/Shared Documents/Forms/AllItems.aspx?RootFolder=/sites%2FTeamFloorsUnlimitedUSA%2FShared%20Documents%2FProjects%2F1240%20Gaylord%20Rockies%20Event%20Pavilion&View=%7B01FF2AF7%2DD073%2D42D9%2D8F53%2D2B88F6CACC9A%7D
1243,W Austin Public Space Renovation,https://netorgft3524085.sharepoint.com/sites/TeamFloorsUnlimitedUSA/Shared Documents/Forms/AllItems.aspx?RootFolder=/sites%2FTeamFloorsUnlimitedUSA%2FShared%20Documents%2FProjects%2F1243%20W%20Austin%20Public%20Space%20Renovation&View=%7B01FF2AF7%2DD073%2D42D9%2D8F53%2D2B88F6CACC9A%7D
1244,RHP Block 21-ACL Terrace Encl,https://netorgft3524085.sharepoint.com/sites/TeamFloorsUnlimitedUSA/Shared Documents/Forms/AllItems.aspx?RootFolder=/sites%2FTeamFloorsUnlimitedUSA%2FShared%20Documents%2FProjects%2F1244%20RHP%20Block%2021%2DACL%20Terrace%20Encl&View=%7B01FF2AF7%2DD073%2D42D9%2D8F53%2D2B88F6CACC9A%7D
1245,Gaylord Palms 2023,https://netorgft3524085.sharepoint.com/sites/TeamFloorsUnlimitedUSA/Shared Documents/Forms/AllItems.aspx?RootFolder=/sites%2FTeamFloorsUnlimitedUSA%2FShared%20Documents%2FProjects%2F1245%20Gaylord%20Palms%202023&View=%7B01FF2AF7%2DD073%2D42D9%2D8F53%2D2B88F6CACC9A%7D
1246,"ODFL Wildwood, FL",https://netorgft3524085.sharepoint.com/sites/TeamFloorsUnlimitedUSA/Shared Documents/Forms/AllItems.aspx?RootFolder=/sites%2FTeamFloorsUnlimitedUSA%2FShared%20Documents%2FProjects%2F1246%20ODFL%20Wildwood%2C%20FL&View=%7B01FF2AF7%2DD073%2D42D9%2D8F53%2D2B88F6CACC9A%7D
1248,Hilton Garden Inn Opryland,https://netorgft3524085.sharepoint.com/sites/TeamFloorsUnlimitedUSA/Shared Documents/Forms/AllItems.aspx?RootFolder=/sites%2FTeamFloorsUnlimitedUSA%2FShared%20Documents%2FProjects%2F1248%20Hilton%20Garden%20Inn%20Opryland&View=%7B01FF2AF7%2DD073%2D42D9%2D8F53%2D2B88F6CACC9A%7D
1249,Inn at Opryland Public Space,https://netorgft3524085.sharepoint.com/sites/TeamFloorsUnlimitedUSA/Shared Documents/Forms/AllItems.aspx?RootFolder=/sites%2FTeamFloorsUnlimitedUSA%2FShared%20Documents%2FProjects%2F1249%20Inn%20at%20Opryland%20Public%20Space&View=%7B01FF2AF7%2DD073%2D42D9%2D8F53%2D2B88F6CACC9A%7D
1250,MTSU Keathley University Center Ramp Reno,https://netorgft3524085.sharepoint.com/sites/TeamFloorsUnlimitedUSA/Shared Documents/Forms/AllItems.aspx?RootFolder=/sites%2FTeamFloorsUnlimitedUSA%2FShared%20Documents%2FProjects%2F1250%20MTSU%20Keathley%20University%20Center%20Ramp%20Reno&View=%7B01FF2AF7%2DD073%2D42D9%2D8F53%2D2B88F6CACC9A%7D
1251,Opryland Starlight Kitchen,https://netorgft3524085.sharepoint.com/sites/TeamFloorsUnlimitedUSA/Shared Documents/Forms/AllItems.aspx?RootFolder=/sites%2FTeamFloorsUnlimitedUSA%2FShared%20Documents%2FProjects%2F1251%20Opryland%20Starlight%20Kitchen&View=%7B01FF2AF7%2DD073%2D42D9%2D8F53%2D2B88F6CACC9A%7D
1252,"ODFL N. Nashville, TN",https://netorgft3524085.sharepoint.com/sites/TeamFloorsUnlimitedUSA/Shared Documents/Forms/AllItems.aspx?RootFolder=/sites%2FTeamFloorsUnlimitedUSA%2FShared%20Documents%2FProjects%2F1252%20ODFL%20N%2E%20Nashville%2C%20TN&View=%7B01FF2AF7%2DD073%2D42D9%2D8F53%2D2B88F6CACC9A%7D
1253,W Austin Room Renov,https://netorgft3524085.sharepoint.com/sites/TeamFloorsUnlimitedUSA/Shared Documents/Forms/AllItems.aspx?RootFolder=/sites%2FTeamFloorsUnlimitedUSA%2FShared%20Documents%2FProjects%2F1253%20W%20Austin%20Room%20Renov&View=%7B01FF2AF7%2DD073%2D42D9%2D8F53%2D2B88F6CACC9A%7D
1254,"Averitt Dothan, AL",https://netorgft3524085.sharepoint.com/sites/TeamFloorsUnlimitedUSA/Shared Documents/Forms/AllItems.aspx?RootFolder=/sites%2FTeamFloorsUnlimitedUSA%2FShared%20Documents%2FProjects%2F1254%20Averitt%20Dothan%2C%20AL&View=%7B01FF2AF7%2DD073%2D42D9%2D8F53%2D2B88F6CACC9A%7D
1255,Bobby Hotel Pool Exterior Wall Tile,https://netorgft3524085.sharepoint.com/sites/TeamFloorsUnlimitedUSA/Shared Documents/Forms/AllItems.aspx?RootFolder=/sites%2FTeamFloorsUnlimitedUSA%2FShared%20Documents%2FProjects%2F1255%20Bobby%20Hotel%20Pool%20Exterior%20Wall%20Tile&View=%7B01FF2AF7%2DD073%2D42D9%2D8F53%2D2B88F6CACC9A%7D
1256,"ODFL Toledo, OH",https://netorgft3524085.sharepoint.com/sites/TeamFloorsUnlimitedUSA/Shared Documents/Forms/AllItems.aspx?RootFolder=/sites%2FTeamFloorsUnlimitedUSA%2FShared%20Documents%2FProjects%2F1256%20ODFL%20Toledo%2C%20OH&View=%7B01FF2AF7%2DD073%2D42D9%2D8F53%2D2B88F6CACC9A%7D
1257,Gaylord Palms Lobby Renovation,https://netorgft3524085.sharepoint.com/sites/TeamFloorsUnlimitedUSA/Shared Documents/Forms/AllItems.aspx?RootFolder=/sites%2FTeamFloorsUnlimitedUSA%2FShared%20Documents%2FProjects%2F1257%20Gaylord%20Palms%20Lobby%20Renovation&View=%7B01FF2AF7%2DD073%2D42D9%2D8F53%2D2B88F6CACC9A%7D
1258,W Austin Shower Renovation,https://netorgft3524085.sharepoint.com/sites/TeamFloorsUnlimitedUSA/Shared Documents/Forms/AllItems.aspx?RootFolder=/sites%2FTeamFloorsUnlimitedUSA%2FShared%20Documents%2FProjects%2F1258%20W%20Austin%20Shower%20Renovation&View=%7B01FF2AF7%2DD073%2D42D9%2D8F53%2D2B88F6CACC9A%7D
1259,TPS Nashville Downtown,https://netorgft3524085.sharepoint.com/sites/TeamFloorsUnlimitedUSA/Shared Documents/Forms/AllItems.aspx?RootFolder=/sites%2FTeamFloorsUnlimitedUSA%2FShared%20Documents%2FProjects%2F1259%20TPS%20Nashville%20Downtown&View=%7B01FF2AF7%2DD073%2D42D9%2D8F53%2D2B88F6CACC9A%7D
1260,"Dayton Freight Rockford, IL",https://netorgft3524085.sharepoint.com/sites/TeamFloorsUnlimitedUSA/Shared Documents/Forms/AllItems.aspx?RootFolder=/sites%2FTeamFloorsUnlimitedUSA%2FShared%20Documents%2FProjects%2F1260%20Dayton%20Freight%20Rockford%2C%20IL&View=%7B01FF2AF7%2DD073%2D42D9%2D8F53%2D2B88F6CACC9A%7D
1261,"ODFL Bear, DE",https://netorgft3524085.sharepoint.com/sites/TeamFloorsUnlimitedUSA/Shared Documents/Forms/AllItems.aspx?RootFolder=/sites%2FTeamFloorsUnlimitedUSA%2FShared%20Documents%2FProjects%2F1261%20ODFL%20Bear%2C%20DE&View=%7B01FF2AF7%2DD073%2D42D9%2D8F53%2D2B88F6CACC9A%7D
1262,James Rose 2024,https://netorgft3524085.sharepoint.com/sites/TeamFloorsUnlimitedUSA/Shared Documents/Forms/AllItems.aspx?RootFolder=/sites%2FTeamFloorsUnlimitedUSA%2FShared%20Documents%2FProjects%2F1262%20James%20Rose%202024&View=%7B01FF2AF7%2DD073%2D42D9%2D8F53%2D2B88F6CACC9A%7D
1263,Opryland Governors Ballroom,https://netorgft3524085.sharepoint.com/sites/TeamFloorsUnlimitedUSA/Shared Documents/Forms/AllItems.aspx?RootFolder=/sites%2FTeamFloorsUnlimitedUSA%2FShared%20Documents%2FProjects%2F1263%20Opryland%20Governors%20Ballroom&View=%7B01FF2AF7%2DD073%2D42D9%2D8F53%2D2B88F6CACC9A%7D
1264,"Dayton Freight Danville, IL",https://netorgft3524085.sharepoint.com/sites/TeamFloorsUnlimitedUSA/Shared Documents/Forms/AllItems.aspx?RootFolder=/sites%2FTeamFloorsUnlimitedUSA%2FShared%20Documents%2FProjects%2F1264%20Dayton%20Freight%20Danville%2C%20IL&View=%7B01FF2AF7%2DD073%2D42D9%2D8F53%2D2B88F6CACC9A%7D
1265,Oak Hill School Renovation,https://netorgft3524085.sharepoint.com/sites/TeamFloorsUnlimitedUSA/Shared Documents/Forms/AllItems.aspx?RootFolder=/sites%2FTeamFloorsUnlimitedUSA%2FShared%20Documents%2FProjects%2F1265%20Oak%20Hill%20School%20Renovation&View=%7B01FF2AF7%2DD073%2D42D9%2D8F53%2D2B88F6CACC9A%7D
1266,"SAIA Bowling Green, KY-Material Sale",https://netorgft3524085.sharepoint.com/sites/TeamFloorsUnlimitedUSA/Shared Documents/Forms/AllItems.aspx?RootFolder=/sites%2FTeamFloorsUnlimitedUSA%2FShared%20Documents%2FProjects%2F1266%20SAIA%20Bowling%20Green%2C%20KY%2DMaterial%20Sale&View=%7B01FF2AF7%2DD073%2D42D9%2D8F53%2D2B88F6CACC9A%7D
1267,Standard Assembly Shower Repair,https://netorgft3524085.sharepoint.com/sites/TeamFloorsUnlimitedUSA/Shared Documents/Forms/AllItems.aspx?RootFolder=/sites%2FTeamFloorsUnlimitedUSA%2FShared%20Documents%2FProjects%2F1267%20Standard%20Assembly%20Shower%20Repair&View=%7B01FF2AF7%2DD073%2D42D9%2D8F53%2D2B88F6CACC9A%7D
1268,Westin Shower Repair,https://netorgft3524085.sharepoint.com/sites/TeamFloorsUnlimitedUSA/Shared Documents/Forms/AllItems.aspx?RootFolder=/sites%2FTeamFloorsUnlimitedUSA%2FShared%20Documents%2FProjects%2F1268%20Westin%20Shower%20Repair&View=%7B01FF2AF7%2DD073%2D42D9%2D8F53%2D2B88F6CACC9A%7D
1269,Holiday Inn Express-Vanderbilt,https://netorgft3524085.sharepoint.com/sites/TeamFloorsUnlimitedUSA/Shared Documents/Forms/AllItems.aspx?RootFolder=/sites%2FTeamFloorsUnlimitedUSA%2FShared%20Documents%2FProjects%2F1269%20Holiday%20Inn%20Express%2DVanderbilt&View=%7B01FF2AF7%2DD073%2D42D9%2D8F53%2D2B88F6CACC9A%7D
1270,"ODFL Mooresville, IN",https://netorgft3524085.sharepoint.com/sites/TeamFloorsUnlimitedUSA/Shared Documents/Forms/AllItems.aspx?RootFolder=/sites%2FTeamFloorsUnlimitedUSA%2FShared%20Documents%2FProjects%2F1270%20ODFL%20Mooresville%2C%20IN&View=%7B01FF2AF7%2DD073%2D42D9%2D8F53%2D2B88F6CACC9A%7D
1271,Gaylord Palms Hemingway & Sanchez,https://netorgft3524085.sharepoint.com/sites/TeamFloorsUnlimitedUSA/Shared Documents/Forms/AllItems.aspx?RootFolder=/sites%2FTeamFloorsUnlimitedUSA%2FShared%20Documents%2FProjects%2F1271%20Gaylord%20Palms%20Hemingway%20%26%20Sanchez&View=%7B01FF2AF7%2DD073%2D42D9%2D8F53%2D2B88F6CACC9A%7D
1272,"ODFL Sioux Falls, SD",https://netorgft3524085.sharepoint.com/sites/TeamFloorsUnlimitedUSA/Shared Documents/Forms/AllItems.aspx?RootFolder=/sites%2FTeamFloorsUnlimitedUSA%2FShared%20Documents%2FProjects%2F1272%20ODFL%20Sioux%20Falls%2C%20SD&View=%7B01FF2AF7%2DD073%2D42D9%2D8F53%2D2B88F6CACC9A%7D
1273,Gaylord Opryland Presidential,https://netorgft3524085.sharepoint.com/sites/TeamFloorsUnlimitedUSA/Shared Documents/Forms/AllItems.aspx?RootFolder=/sites%2FTeamFloorsUnlimitedUSA%2FShared%20Documents%2FProjects%2F1273%20Gaylord%20Opryland%20Presidential&View=%7B01FF2AF7%2DD073%2D42D9%2D8F53%2D2B88F6CACC9A%7D
1274,"SAIA Paducah, KY-Material Sale",https://netorgft3524085.sharepoint.com/sites/TeamFloorsUnlimitedUSA/Shared Documents/Forms/AllItems.aspx?RootFolder=/sites%2FTeamFloorsUnlimitedUSA%2FShared%20Documents%2FProjects%2F1274%20SAIA%20Paducah%2C%20KY%2DMaterial%20Sale&View=%7B01FF2AF7%2DD073%2D42D9%2D8F53%2D2B88F6CACC9A%7D
1275,Gaylord Palms Sun Ballroom,https://netorgft3524085.sharepoint.com/sites/TeamFloorsUnlimitedUSA/Shared Documents/Forms/AllItems.aspx?RootFolder=/sites%2FTeamFloorsUnlimitedUSA%2FShared%20Documents%2FProjects%2F1275%20Gaylord%20Palms%20Sun%20Ballroom&View=%7B01FF2AF7%2DD073%2D42D9%2D8F53%2D2B88F6CACC9A%7D
1276,Gaylord Opryland The District,https://netorgft3524085.sharepoint.com/sites/TeamFloorsUnlimitedUSA/Shared Documents/Forms/AllItems.aspx?RootFolder=/sites%2FTeamFloorsUnlimitedUSA%2FShared%20Documents%2FProjects%2F1276%20Gaylord%20Opryland%20The%20District&View=%7B01FF2AF7%2DD073%2D42D9%2D8F53%2D2B88F6CACC9A%7D
1277,AmWins Franklin,https://netorgft3524085.sharepoint.com/sites/TeamFloorsUnlimitedUSA/Shared Documents/Forms/AllItems.aspx?RootFolder=/sites%2FTeamFloorsUnlimitedUSA%2FShared%20Documents%2FProjects%2F1277%20AmWins%20Franklin&View=%7B01FF2AF7%2DD073%2D42D9%2D8F53%2D2B88F6CACC9A%7D
1278,"Estes Express Phoenix, AZ",https://netorgft3524085.sharepoint.com/sites/TeamFloorsUnlimitedUSA/Shared Documents/Forms/AllItems.aspx?RootFolder=/sites%2FTeamFloorsUnlimitedUSA%2FShared%20Documents%2FProjects%2F1278%20Estes%20Express%20Phoenix%2C%20AZ&View=%7B01FF2AF7%2DD073%2D42D9%2D8F53%2D2B88F6CACC9A%7D
1279,"Dayton Freight Fayetteville, TN",https://netorgft3524085.sharepoint.com/sites/TeamFloorsUnlimitedUSA/Shared Documents/Forms/AllItems.aspx?RootFolder=/sites%2FTeamFloorsUnlimitedUSA%2FShared%20Documents%2FProjects%2F1279%20Dayton%20Freight%20Fayetteville%2C%20TN&View=%7B01FF2AF7%2DD073%2D42D9%2D8F53%2D2B88F6CACC9A%7D
1280,Our Kids Renovation,https://netorgft3524085.sharepoint.com/sites/TeamFloorsUnlimitedUSA/Shared Documents/Forms/AllItems.aspx?RootFolder=/sites%2FTeamFloorsUnlimitedUSA%2FShared%20Documents%2FProjects%2F1280%20Our%20Kids%20Renovation&View=%7B01FF2AF7%2DD073%2D42D9%2D8F53%2D2B88F6CACC9A%7D
1281,W Austin- Tile Repair,https://netorgft3524085.sharepoint.com/sites/TeamFloorsUnlimitedUSA/Shared Documents/Forms/AllItems.aspx?RootFolder=/sites%2FTeamFloorsUnlimitedUSA%2FShared%20Documents%2FProjects%2F1281%20W%20Austin%2D%20Tile%20Repair&View=%7B01FF2AF7%2DD073%2D42D9%2D8F53%2D2B88F6CACC9A%7D
1282,AB Nashville 20th Floor Reno,https://netorgft3524085.sharepoint.com/sites/TeamFloorsUnlimitedUSA/Shared Documents/Forms/AllItems.aspx?RootFolder=/sites%2FTeamFloorsUnlimitedUSA%2FShared%20Documents%2FProjects%2F1282%20AB%20Nashville%2020th%20Floor%20Reno&View=%7B01FF2AF7%2DD073%2D42D9%2D8F53%2D2B88F6CACC9A%7D
1283,"Dayton Freight Bedford, PA",https://netorgft3524085.sharepoint.com/sites/TeamFloorsUnlimitedUSA/Shared Documents/Forms/AllItems.aspx?RootFolder=/sites%2FTeamFloorsUnlimitedUSA%2FShared%20Documents%2FProjects%2F1283%20Dayton%20Freight%20Bedford%2C%20PA&View=%7B01FF2AF7%2DD073%2D42D9%2D8F53%2D2B88F6CACC9A%7D
1284,"Dayton Freight Collinsville, IL",https://netorgft3524085.sharepoint.com/sites/TeamFloorsUnlimitedUSA/Shared Documents/Forms/AllItems.aspx?RootFolder=/sites%2FTeamFloorsUnlimitedUSA%2FShared%20Documents%2FProjects%2F1284%20Dayton%20Freight%20Collinsville%2C%20IL&View=%7B01FF2AF7%2DD073%2D42D9%2D8F53%2D2B88F6CACC9A%7D
1285,"Averitt Express Ocala, FL",https://netorgft3524085.sharepoint.com/sites/TeamFloorsUnlimitedUSA/Shared Documents/Forms/AllItems.aspx?RootFolder=/sites%2FTeamFloorsUnlimitedUSA%2FShared%20Documents%2FProjects%2F1285%20Averitt%20Express%20Ocala%2C%20FL&View=%7B01FF2AF7%2DD073%2D42D9%2D8F53%2D2B88F6CACC9A%7D
1286,Oak Hill School (Material Sale),https://netorgft3524085.sharepoint.com/sites/TeamFloorsUnlimitedUSA/Shared Documents/Forms/AllItems.aspx?RootFolder=/sites%2FTeamFloorsUnlimitedUSA%2FShared%20Documents%2FProjects%2F1286%20Oak%20Hill%20School%20%28Material%20Sale%29&View=%7B01FF2AF7%2DD073%2D42D9%2D8F53%2D2B88F6CACC9A%7D
1287,Tristar Northcrest Radiology - X-Ray,https://netorgft3524085.sharepoint.com/sites/TeamFloorsUnlimitedUSA/Shared Documents/Forms/AllItems.aspx?RootFolder=/sites%2FTeamFloorsUnlimitedUSA%2FShared%20Documents%2FProjects%2F1287%20Tristar%20Northcrest%20Radiology%20%2D%20X%2DRay&View=%7B01FF2AF7%2DD073%2D42D9%2D8F53%2D2B88F6CACC9A%7D
1288,"Dayton Freight Mt. Vernon, IL",https://netorgft3524085.sharepoint.com/sites/TeamFloorsUnlimitedUSA/Shared Documents/Forms/AllItems.aspx?RootFolder=/sites%2FTeamFloorsUnlimitedUSA%2FShared%20Documents%2FProjects%2F1288%20Dayton%20Freight%20Mt%2E%20Vernon%2C%20IL&View=%7B01FF2AF7%2DD073%2D42D9%2D8F53%2D2B88F6CACC9A%7D
1289,Tristar Northcrest Radiology - CT Scan,https://netorgft3524085.sharepoint.com/sites/TeamFloorsUnlimitedUSA/Shared Documents/Forms/AllItems.aspx?RootFolder=/sites%2FTeamFloorsUnlimitedUSA%2FShared%20Documents%2FProjects%2F1289%20Tristar%20Northcrest%20Radiology%20%2D%20CT%20Scan&View=%7B01FF2AF7%2DD073%2D42D9%2D8F53%2D2B88F6CACC9A%7D
1290,Bridgestone Locker Room Phase II Reno,https://netorgft3524085.sharepoint.com/sites/TeamFloorsUnlimitedUSA/Shared Documents/Forms/AllItems.aspx?RootFolder=/sites%2FTeamFloorsUnlimitedUSA%2FShared%20Documents%2FProjects%2F1290%20Bridgestone%20Locker%20Room%20Phase%20II%20Reno&View=%7B01FF2AF7%2DD073%2D42D9%2D8F53%2D2B88F6CACC9A%7D
1291,HCA TriStar Northcrest Cath Lab 3rd Floor Renovation,https://netorgft3524085.sharepoint.com/sites/TeamFloorsUnlimitedUSA/Shared Documents/Forms/AllItems.aspx?RootFolder=/sites%2FTeamFloorsUnlimitedUSA%2FShared%20Documents%2FProjects%2F1291%20HCA%20TriStar%20Northcrest%20Cath%20Lab%203rd%20Floor%20Renovation&View=%7B01FF2AF7%2DD073%2D42D9%2D8F53%2D2B88F6CACC9A%7D
1292,College Grove Athletic Facility - Building A,https://netorgft3524085.sharepoint.com/sites/TeamFloorsUnlimitedUSA/Shared Documents/Forms/AllItems.aspx?RootFolder=/sites%2FTeamFloorsUnlimitedUSA%2FShared%20Documents%2FProjects%2F1292%20College%20Grove%20Athletic%20Facility%20%2D%20Building%20A&View=%7B01FF2AF7%2DD073%2D42D9%2D8F53%2D2B88F6CACC9A%7D
1293,Opryland Meeting Room Expansion,https://netorgft3524085.sharepoint.com/sites/TeamFloorsUnlimitedUSA/Shared Documents/Forms/AllItems.aspx?RootFolder=/sites%2FTeamFloorsUnlimitedUSA%2FShared%20Documents%2FProjects%2F1293%20Opryland%20Meeting%20Room%20Expansion&View=%7B01FF2AF7%2DD073%2D42D9%2D8F53%2D2B88F6CACC9A%7D
1294,St Davids Exterior Reno,https://netorgft3524085.sharepoint.com/sites/TeamFloorsUnlimitedUSA/Shared Documents/Forms/AllItems.aspx?RootFolder=/sites%2FTeamFloorsUnlimitedUSA%2FShared%20Documents%2FProjects%2F1294%20St%20Davids%20Exterior%20Reno&View=%7B01FF2AF7%2DD073%2D42D9%2D8F53%2D2B88F6CACC9A%7D
1295,"Averitt Express Tulsa, OK",https://netorgft3524085.sharepoint.com/sites/TeamFloorsUnlimitedUSA/Shared Documents/Forms/AllItems.aspx?RootFolder=/sites%2FTeamFloorsUnlimitedUSA%2FShared%20Documents%2FProjects%2F1295%20Averitt%20Express%20Tulsa%2C%20OK&View=%7B01FF2AF7%2DD073%2D42D9%2D8F53%2D2B88F6CACC9A%7D
1296,Aquinas 1st Floor Restrooms,https://netorgft3524085.sharepoint.com/sites/TeamFloorsUnlimitedUSA/Shared Documents/Forms/AllItems.aspx?RootFolder=/sites%2FTeamFloorsUnlimitedUSA%2FShared%20Documents%2FProjects%2F1296%20Aquinas%201st%20Floor%20Restrooms&View=%7B01FF2AF7%2DD073%2D42D9%2D8F53%2D2B88F6CACC9A%7D
1297,Hyatt Caption Repairs,https://netorgft3524085.sharepoint.com/sites/TeamFloorsUnlimitedUSA/Shared Documents/Forms/AllItems.aspx?RootFolder=/sites%2FTeamFloorsUnlimitedUSA%2FShared%20Documents%2FProjects%2F1297%20Hyatt%20Caption%20Repairs&View=%7B01FF2AF7%2DD073%2D42D9%2D8F53%2D2B88F6CACC9A%7D
1298,"Dayton Freight Walton, KY",https://netorgft3524085.sharepoint.com/sites/TeamFloorsUnlimitedUSA/Shared Documents/Forms/AllItems.aspx?RootFolder=/sites%2FTeamFloorsUnlimitedUSA%2FShared%20Documents%2FProjects%2F1298%20Dayton%20Freight%20Walton%2C%20KY&View=%7B01FF2AF7%2DD073%2D42D9%2D8F53%2D2B88F6CACC9A%7D
1299,James Rose 2025,https://netorgft3524085.sharepoint.com/sites/TeamFloorsUnlimitedUSA/Shared Documents/Forms/AllItems.aspx?RootFolder=/sites%2FTeamFloorsUnlimitedUSA%2FShared%20Documents%2FProjects%2F1299%20James%20Rose%202025&View=%7B01FF2AF7%2DD073%2D42D9%2D8F53%2D2B88F6CACC9A%7D
1300,"Averitt Express Nashville, TN Repairs",https://netorgft3524085.sharepoint.com/sites/TeamFloorsUnlimitedUSA/Shared Documents/Forms/AllItems.aspx?RootFolder=/sites%2FTeamFloorsUnlimitedUSA%2FShared%20Documents%2FProjects%2F1300%20Averitt%20Express%20Nashville%2C%20TN%20Repairs&View=%7B01FF2AF7%2DD073%2D42D9%2D8F53%2D2B88F6CACC9A%7D
1301,Nashville Warehouse Memoir Repair,https://netorgft3524085.sharepoint.com/sites/TeamFloorsUnlimitedUSA/Shared Documents/Forms/AllItems.aspx?RootFolder=/sites%2FTeamFloorsUnlimitedUSA%2FShared%20Documents%2FProjects%2F1301%20Nashville%20Warehouse%20Memoir%20Repair&View=%7B01FF2AF7%2DD073%2D42D9%2D8F53%2D2B88F6CACC9A%7D
1302,Vanderbilt University Stevenson Center-6 Early Release Package,https://netorgft3524085.sharepoint.com/sites/TeamFloorsUnlimitedUSA/Shared Documents/Forms/AllItems.aspx?RootFolder=/sites%2FTeamFloorsUnlimitedUSA%2FShared%20Documents%2FProjects%2F1302%20Vanderbilt%20University%20Stevenson%20Center%2D6%20Early%20Release%20Package&View=%7B01FF2AF7%2DD073%2D42D9%2D8F53%2D2B88F6CACC9A%7D
1303,ODFL Milwaukee Shop (Phase 1),https://netorgft3524085.sharepoint.com/sites/TeamFloorsUnlimitedUSA/Shared Documents/Forms/AllItems.aspx?RootFolder=/sites%2FTeamFloorsUnlimitedUSA%2FShared%20Documents%2FProjects%2F1303%20ODFL%20Milwaukee%20Shop%20%28Phase%201%29&View=%7B01FF2AF7%2DD073%2D42D9%2D8F53%2D2B88F6CACC9A%7D
1304,TWRA Conference Room,https://netorgft3524085.sharepoint.com/sites/TeamFloorsUnlimitedUSA/Shared Documents/Forms/AllItems.aspx?RootFolder=/sites%2FTeamFloorsUnlimitedUSA%2FShared%20Documents%2FProjects%2F1304%20TWRA%20Conference%20Room&View=%7B01FF2AF7%2DD073%2D42D9%2D8F53%2D2B88F6CACC9A%7D
